candidate_id,seed,runtime_sec,failure_mode,total_cost,total_time,small_science_value,w_science,w_explore,w_battery,w_obstacle,w_path,w_recovery
0,5,0.35635550000006333,0,255.0,3.2,0,7.49080237694725,9.50714306409916,7.34674002393291,199.66462104925915,3.1203728088487304,4.679835610086079
0,0,1.0394367999979295,0,263.0,3.3000000000000003,4,7.49080237694725,9.50714306409916,7.34674002393291,199.66462104925915,3.1203728088487304,4.679835610086079
0,3,1.05782100000215,0,283.0,3.5500000000000003,2,7.49080237694725,9.50714306409916,7.34674002393291,199.66462104925915,3.1203728088487304,4.679835610086079
0,1,1.4827507000009064,0,243.0,3.0500000000000003,3,7.49080237694725,9.50714306409916,7.34674002393291,199.66462104925915,3.1203728088487304,4.679835610086079
0,2,1.517401199998858,0,259.0,3.25,6,7.49080237694725,9.50714306409916,7.34674002393291,199.66462104925915,3.1203728088487304,4.679835610086079
0,7,1.8711073999947985,0,283.0,3.5500000000000003,8,7.49080237694725,9.50714306409916,7.34674002393291,199.66462104925915,3.1203728088487304,4.679835610086079
0,4,2.52535060000082,0,255.0,3.2,13,7.49080237694725,9.50714306409916,7.34674002393291,199.66462104925915,3.1203728088487304,4.679835610086079
0,9,2.3994737999964855,0,263.0,3.3000000000000003,2,7.49080237694725,9.50714306409916,7.34674002393291,199.66462104925915,3.1203728088487304,4.679835610086079
0,8,2.989722800004529,0,371.0,4.65,13,7.49080237694725,9.50714306409916,7.34674002393291,199.66462104925915,3.1203728088487304,4.679835610086079
0,6,22.29822360000253,0,2714.0,34.6,3,7.49080237694725,9.50714306409916,7.34674002393291,199.66462104925915,3.1203728088487304,4.679835610086079
1,5,0.12334540000301786,0,255.0,3.2,0,1.1616722433639892,8.661761457749352,6.051038616257767,227.01814444901137,0.41168988591604894,29.09729556485983
1,0,0.3397994999977527,0,263.0,3.3000000000000003,0,1.1616722433639892,8.661761457749352,6.051038616257767,227.01814444901137,0.41168988591604894,29.09729556485983
1,3,0.6535165000022971,0,283.0,3.5500000000000003,2,1.1616722433639892,8.661761457749352,6.051038616257767,227.01814444901137,0.41168988591604894,29.09729556485983
1,2,0.8642294000019319,0,259.0,3.25,6,1.1616722433639892,8.661761457749352,6.051038616257767,227.01814444901137,0.41168988591604894,29.09729556485983
1,7,1.023327299997618,0,279.0,3.5,0,1.1616722433639892,8.661761457749352,6.051038616257767,227.01814444901137,0.41168988591604894,29.09729556485983
1,1,1.2307885000045644,0,243.0,3.0500000000000003,3,1.1616722433639892,8.661761457749352,6.051038616257767,227.01814444901137,0.41168988591604894,29.09729556485983
1,9,1.3585401000018464,0,247.0,3.1,0,1.1616722433639892,8.661761457749352,6.051038616257767,227.01814444901137,0.41168988591604894,29.09729556485983
1,8,1.833499499996833,0,359.0,4.5,9,1.1616722433639892,8.661761457749352,6.051038616257767,227.01814444901137,0.41168988591604894,29.09729556485983
1,4,1.942430900002364,0,263.0,3.3000000000000003,13,1.1616722433639892,8.661761457749352,6.051038616257767,227.01814444901137,0.41168988591604894,29.09729556485983
1,6,2.1931814999989,0,283.0,3.5500000000000003,3,1.1616722433639892,8.661761457749352,6.051038616257767,227.01814444901137,0.41168988591604894,29.09729556485983
2,5,0.32157249999727355,0,255.0,3.2,0,16.648852816008436,2.1233911067827616,1.9000671753502962,95.85112746335845,6.0848448591907545,15.742692948967136
2,0,0.7510074000019813,0,267.0,3.35,4,16.648852816008436,2.1233911067827616,1.9000671753502962,95.85112746335845,6.0848448591907545,15.742692948967136
2,3,0.67676599999686,0,283.0,3.5500000000000003,2,16.648852816008436,2.1233911067827616,1.9000671753502962,95.85112746335845,6.0848448591907545,15.742692948967136
2,2,1.2673208999985945,0,259.0,3.25,6,16.648852816008436,2.1233911067827616,1.9000671753502962,95.85112746335845,6.0848448591907545,15.742692948967136
2,1,1.5790981000027386,0,243.0,3.0500000000000003,3,16.648852816008436,2.1233911067827616,1.9000671753502962,95.85112746335845,6.0848448591907545,15.742692948967136
2,9,1.5927557999966666,0,255.0,3.2,2,16.648852816008436,2.1233911067827616,1.9000671753502962,95.85112746335845,6.0848448591907545,15.742692948967136
2,7,1.8095144999970216,0,279.0,3.5,8,16.648852816008436,2.1233911067827616,1.9000671753502962,95.85112746335845,6.0848448591907545,15.742692948967136
2,4,2.1624931000042125,0,251.0,3.1500000000000004,11,16.648852816008436,2.1233911067827616,1.9000671753502962,95.85112746335845,6.0848448591907545,15.742692948967136
2,8,3.0750775999986217,0,315.0,3.95,18,16.648852816008436,2.1233911067827616,1.9000671753502962,95.85112746335845,6.0848448591907545,15.742692948967136
2,6,5.046695800003363,0,640.0,8.200000000000001,14,16.648852816008436,2.1233911067827616,1.9000671753502962,95.85112746335845,6.0848448591907545,15.742692948967136
3,5,0.3076147000028868,0,255.0,3.2,0,8.638900372842315,2.9122914019804194,6.157343657751556,84.87346516301045,5.842892970704363,10.99085529881075
3,0,0.45263100000011036,0,263.0,3.3000000000000003,4,8.638900372842315,2.9122914019804194,6.157343657751556,84.87346516301045,5.842892970704363,10.99085529881075
3,2,1.059524299998884,0,259.0,3.25,6,8.638900372842315,2.9122914019804194,6.157343657751556,84.87346516301045,5.842892970704363,10.99085529881075
3,3,1.1257803000044078,0,283.0,3.5500000000000003,2,8.638900372842315,2.9122914019804194,6.157343657751556,84.87346516301045,5.842892970704363,10.99085529881075
3,7,1.5006919000006747,0,279.0,3.5,8,8.638900372842315,2.9122914019804194,6.157343657751556,84.87346516301045,5.842892970704363,10.99085529881075
3,1,1.6960384999983944,0,243.0,3.0500000000000003,3,8.638900372842315,2.9122914019804194,6.157343657751556,84.87346516301045,5.842892970704363,10.99085529881075
3,9,1.6170358000017586,0,255.0,3.2,2,8.638900372842315,2.9122914019804194,6.157343657751556,84.87346516301045,5.842892970704363,10.99085529881075
3,6,2.151650599997083,0,287.0,3.6,6,8.638900372842315,2.9122914019804194,6.157343657751556,84.87346516301045,5.842892970704363,10.99085529881075
3,4,2.50063819999923,0,263.0,3.3000000000000003,13,8.638900372842315,2.9122914019804194,6.157343657751556,84.87346516301045,5.842892970704363,10.99085529881075
3,8,2.595710699999472,0,363.0,4.55,13,8.638900372842315,2.9122914019804194,6.157343657751556,84.87346516301045,5.842892970704363,10.99085529881075
4,5,0.4934983999992255,0,255.0,3.2,0,9.12139968434072,7.851759613930136,2.0767704433677614,178.5586096034029,11.84829137724085,1.3935123815999317
4,3,0.9632905000034953,0,287.0,3.6,2,9.12139968434072,7.851759613930136,2.0767704433677614,178.5586096034029,11.84829137724085,1.3935123815999317
4,7,1.8125655000039842,0,279.0,3.5,8,9.12139968434072,7.851759613930136,2.0767704433677614,178.5586096034029,11.84829137724085,1.3935123815999317
4,1,1.7788029000003007,0,263.0,3.3000000000000003,3,9.12139968434072,7.851759613930136,2.0767704433677614,178.5586096034029,11.84829137724085,1.3935123815999317
4,8,2.7313881000009133,0,379.0,4.75,14,9.12139968434072,7.851759613930136,2.0767704433677614,178.5586096034029,11.84829137724085,1.3935123815999317
4,2,3.0335965999984182,0,299.0,3.75,10,9.12139968434072,7.851759613930136,2.0767704433677614,178.5586096034029,11.84829137724085,1.3935123815999317
4,6,2.9686416999975336,0,263.0,3.3000000000000003,8,9.12139968434072,7.851759613930136,2.0767704433677614,178.5586096034029,11.84829137724085,1.3935123815999317
4,4,3.1806926999997813,0,275.0,3.45,11,9.12139968434072,7.851759613930136,2.0767704433677614,178.5586096034029,11.84829137724085,1.3935123815999317
4,9,3.927139999999781,0,323.0,4.05,17,9.12139968434072,7.851759613930136,2.0767704433677614,178.5586096034029,11.84829137724085,1.3935123815999317
4,0,49.9912622999982,1,5003.0,70.85000000000001,11,9.12139968434072,7.851759613930136,2.0767704433677614,178.5586096034029,11.84829137724085,1.3935123815999317
5,0,0.3846486999973422,0,263.0,3.3000000000000003,4,12.150897038028766,1.7052412368729153,0.7440107705542672,287.2213843133333,19.312640661491187,24.251920443493834
5,5,0.2152836000022944,0,255.0,3.2,0,12.150897038028766,1.7052412368729153,0.7440107705542672,287.2213843133333,19.312640661491187,24.251920443493834
5,1,0.6259261999948649,0,243.0,3.0500000000000003,3,12.150897038028766,1.7052412368729153,0.7440107705542672,287.2213843133333,19.312640661491187,24.251920443493834
5,3,0.7816115000023274,0,283.0,3.5500000000000003,2,12.150897038028766,1.7052412368729153,0.7440107705542672,287.2213843133333,19.312640661491187,24.251920443493834
5,2,0.8800926000039908,0,259.0,3.25,6,12.150897038028766,1.7052412368729153,0.7440107705542672,287.2213843133333,19.312640661491187,24.251920443493834
5,9,0.876343399999314,0,255.0,3.2,2,12.150897038028766,1.7052412368729153,0.7440107705542672,287.2213843133333,19.312640661491187,24.251920443493834
5,7,0.9969225000022561,0,279.0,3.5,8,12.150897038028766,1.7052412368729153,0.7440107705542672,287.2213843133333,19.312640661491187,24.251920443493834
5,4,1.5872528000036255,0,255.0,3.2,11,12.150897038028766,1.7052412368729153,0.7440107705542672,287.2213843133333,19.312640661491187,24.251920443493834
5,8,2.7162349999998696,0,347.0,4.3500000000000005,18,12.150897038028766,1.7052412368729153,0.7440107705542672,287.2213843133333,19.312640661491187,24.251920443493834
5,6,4.709123600005114,0,455.0,5.7,13,12.150897038028766,1.7052412368729153,0.7440107705542672,287.2213843133333,19.312640661491187,24.251920443493834
6,5,0.3566703999968013,0,255.0,3.2,0,6.092275383467413,0.9767211400638387,6.873906962470353,160.03812343490034,2.4407646968955765,14.855307303338105
6,3,0.6332155999989482,0,283.0,3.5500000000000003,2,6.092275383467413,0.9767211400638387,6.873906962470353,160.03812343490034,2.4407646968955765,14.855307303338105
6,0,1.017686799998046,0,263.0,3.3000000000000003,4,6.092275383467413,0.9767211400638387,6.873906962470353,160.03812343490034,2.4407646968955765,14.855307303338105
6,2,1.368575400003465,0,259.0,3.25,6,6.092275383467413,0.9767211400638387,6.873906962470353,160.03812343490034,2.4407646968955765,14.855307303338105
6,1,1.4700830000001588,0,243.0,3.0500000000000003,3,6.092275383467413,0.9767211400638387,6.873906962470353,160.03812343490034,2.4407646968955765,14.855307303338105
6,7,1.6911677999960375,0,283.0,3.5500000000000003,8,6.092275383467413,0.9767211400638387,6.873906962470353,160.03812343490034,2.4407646968955765,14.855307303338105
6,9,1.6934555000043474,0,247.0,3.1,0,6.092275383467413,0.9767211400638387,6.873906962470353,160.03812343490034,2.4407646968955765,14.855307303338105
6,6,2.692028700002993,0,287.0,3.6,6,6.092275383467413,0.9767211400638387,6.873906962470353,160.03812343490034,2.4407646968955765,14.855307303338105
6,8,2.6482709999982035,0,295.0,3.7,10,6.092275383467413,0.9767211400638387,6.873906962470353,160.03812343490034,2.4407646968955765,14.855307303338105
6,4,61.43469460000051,1,5002.0,68.3,9,6.092275383467413,0.9767211400638387,6.873906962470353,160.03812343490034,2.4407646968955765,14.855307303338105
7,5,0.15049010000075214,0,255.0,3.2,0,0.6877704223043679,9.093204020787821,2.6619218178401676,215.6305710884955,6.2342215217882195,15.602040635334324
7,3,0.572089599998435,0,283.0,3.5500000000000003,2,0.6877704223043679,9.093204020787821,2.6619218178401676,215.6305710884955,6.2342215217882195,15.602040635334324
7,1,1.1375686999963364,0,243.0,3.0500000000000003,3,0.6877704223043679,9.093204020787821,2.6619218178401676,215.6305710884955,6.2342215217882195,15.602040635334324
7,2,1.470928200003982,0,259.0,3.25,6,0.6877704223043679,9.093204020787821,2.6619218178401676,215.6305710884955,6.2342215217882195,15.602040635334324
7,7,1.4096213999946485,0,271.0,3.4000000000000004,4,0.6877704223043679,9.093204020787821,2.6619218178401676,215.6305710884955,6.2342215217882195,15.602040635334324
7,8,2.1211932000005618,0,347.0,4.3500000000000005,9,0.6877704223043679,9.093204020787821,2.6619218178401676,215.6305710884955,6.2342215217882195,15.602040635334324
7,6,2.1968266000039876,0,279.0,3.5,3,0.6877704223043679,9.093204020787821,2.6619218178401676,215.6305710884955,6.2342215217882195,15.602040635334324
7,4,2.4026307000021916,0,255.0,3.2,13,0.6877704223043679,9.093204020787821,2.6619218178401676,215.6305710884955,6.2342215217882195,15.602040635334324
7,0,2.409027599998808,0,295.0,3.7,4,0.6877704223043679,9.093204020787821,2.6619218178401676,215.6305710884955,6.2342215217882195,15.602040635334324
7,9,2.1961439000006067,0,259.0,3.25,0,0.6877704223043679,9.093204020787821,2.6619218178401676,215.6305710884955,6.2342215217882195,15.602040635334324
8,5,0.6078020999993896,0,255.0,3.2,0,10.934205586865593,1.8485445552552704,9.69888781486913,243.78320584027864,18.789978831283783,26.844820512829465
8,3,0.8558024000012665,0,283.0,3.5500000000000003,2,10.934205586865593,1.8485445552552704,9.69888781486913,243.78320584027864,18.789978831283783,26.844820512829465
8,0,1.1981999999989057,0,263.0,3.3000000000000003,4,10.934205586865593,1.8485445552552704,9.69888781486913,243.78320584027864,18.789978831283783,26.844820512829465
8,2,1.2355043000061414,0,259.0,3.25,6,10.934205586865593,1.8485445552552704,9.69888781486913,243.78320584027864,18.789978831283783,26.844820512829465
8,1,1.470703599996341,0,243.0,3.0500000000000003,3,10.934205586865593,1.8485445552552704,9.69888781486913,243.78320584027864,18.789978831283783,26.844820512829465
8,7,1.6905669999978272,0,283.0,3.5500000000000003,8,10.934205586865593,1.8485445552552704,9.69888781486913,243.78320584027864,18.789978831283783,26.844820512829465
8,9,1.8081530000054045,0,247.0,3.1,0,10.934205586865593,1.8485445552552704,9.69888781486913,243.78320584027864,18.789978831283783,26.844820512829465
8,6,2.3592978000015137,0,299.0,3.75,6,10.934205586865593,1.8485445552552704,9.69888781486913,243.78320584027864,18.789978831283783,26.844820512829465
8,8,2.8072298000042792,0,363.0,4.55,13,10.934205586865593,1.8485445552552704,9.69888781486913,243.78320584027864,18.789978831283783,26.844820512829465
8,4,59.736761399995885,1,5003.0,70.65,17,10.934205586865593,1.8485445552552704,9.69888781486913,243.78320584027864,18.789978831283783,26.844820512829465
9,5,0.21645819999685045,0,255.0,3.2,0,11.957999576221702,9.218742350231167,0.976075770314003,98.9957156047863,0.9045457782107613,9.759909922897931
9,3,0.6576262999951723,0,299.0,3.75,0,11.957999576221702,9.218742350231167,0.976075770314003,98.9957156047863,0.9045457782107613,9.759909922897931
9,1,0.7994234999932814,0,279.0,3.5,3,11.957999576221702,9.218742350231167,0.976075770314003,98.9957156047863,0.9045457782107613,9.759909922897931
9,7,1.4307804000054603,0,279.0,3.5,8,11.957999576221702,9.218742350231167,0.976075770314003,98.9957156047863,0.9045457782107613,9.759909922897931
9,6,1.9360086000015144,0,263.0,3.3000000000000003,8,11.957999576221702,9.218742350231167,0.976075770314003,98.9957156047863,0.9045457782107613,9.759909922897931
9,0,2.798688899994886,0,355.0,4.45,11,11.957999576221702,9.218742350231167,0.976075770314003,98.9957156047863,0.9045457782107613,9.759909922897931
9,9,2.9783736000026693,0,275.0,3.45,9,11.957999576221702,9.218742350231167,0.976075770314003,98.9957156047863,0.9045457782107613,9.759909922897931
9,4,3.478667499999574,0,283.0,3.5500000000000003,14,11.957999576221702,9.218742350231167,0.976075770314003,98.9957156047863,0.9045457782107613,9.759909922897931
9,8,3.9937762999979896,0,327.0,4.1000000000000005,12,11.957999576221702,9.218742350231167,0.976075770314003,98.9957156047863,0.9045457782107613,9.759909922897931
9,2,4.151377700000012,0,527.0,6.6000000000000005,19,11.957999576221702,9.218742350231167,0.976075770314003,98.9957156047863,0.9045457782107613,9.759909922897931
